{"time": ["0.0.", "0.0.2.0", "0.0.4.0", "0.0.6000000000000001.0", "0.0.8.0", "1.0.", "1.0.2000000000000002.0", "1.0.4000000000000001.0", "1.0.6.0", "1.0.8.0", "2.0.", "2.0.2.0", "2.0.4000000000000004.0", "2.0.6.0", "2.0.8000000000000003.0", "3.0.", "3.0.2.0", "3.0.4000000000000004.0", "3.0.6.0", "3.0.8000000000000003.0", "4.0.", "4.0.2.0", "4.0.4.0", "4.0.6000000000000005.0", "4.0.800000000000001.0", "5.0.", "5.0.2.0", "5.0.4.0", "5.0.6000000000000005.0", "5.0.800000000000001.0", "6.0.", "6.0.2.0", "6.0.4.0", "6.0.6000000000000005.0", "6.0.800000000000001.0", "7.0.", "7.0.2.0", "7.0.4.0", "7.0.6000000000000005.0", "7.0.800000000000001.0", "8.0.", "8.0.200000000000001.0", "8.0.4.0", "8.0.6.0", "8.0.8.0", "9.0.", "9.0.200000000000001.0", "9.0.4.0", "9.0.600000000000001.0", "9.0.8.0", "10.0.", "10.0.200000000000001.0", "10.0.4.0", "10.0.600000000000001.0", "10.0.8.0", "11.0.", "11.0.200000000000001.0", "11.0.4.0", "11.0.600000000000001.0", "11.0.8.0", "12.0.", "12.0.200000000000001.0", "12.0.4.0", "12.0.600000000000001.0", "12.0.8.0", "13.0.", "13.0.200000000000001.0", "13.0.4.0", "13.0.600000000000001.0", "13.0.8.0", "14.0.", "14.0.200000000000001.0", "14.0.4.0", "14.0.600000000000001.0", "14.0.8.0", "15.0.", "15.0.200000000000001.0", "15.0.4.0", "15.0.600000000000001.0", "15.0.8.0", "16.0.", "16.0.2.0", "16.0.400000000000002.0", "16.0.6.0", "16.0.8.0", "17.0.", "17.0.2.0", "17.0.400000000000002.0", "17.0.6.0", "17.0.8.0", "18.0.", "18.0.2.0", "18.0.400000000000002.0", "18.0.6.0", "18.0.8.0", "19.0.", "19.0.200000000000003.0", "19.0.400000000000002.0", "19.0.6.0", "19.0.8.0", "20.0."], "y": [5.0, 5.0, 5.0, 5.0, 5.0, 5.0, 5.0, 5.0, 5.0, 5.0, 5.0, 5.0, 5.0, 5.0, 5.0, 5.0, 5.0, 5.0, 5.0, 5.0, 5.0, 5.0, 5.0, 5.0, 5.0, 5.0, 5.0, 5.0, 5.0, 5.0, 5.0, 5.0, 5.0, 5.0, 5.0, 5.0, 5.0, 5.0, 5.0, 5.0, 5.0, 5.0, 5.0, 5.0, 5.0, 5.0, 5.0, 5.0, 5.0, 5.0, 5.0, 5.0, 5.0, 5.0, 5.0, 5.0, 5.0, 5.0, 5.0, 5.0, 5.0, 5.0, 5.0, 5.0, 5.0, 5.0, 5.0, 5.0, 5.0, 5.0, 5.0, 5.0, 5.0, 5.0, 5.0, 5.0, 5.0, 5.0, 5.0, 5.0, 5.0, 5.0, 5.0, 5.0, 5.0, 5.0, 5.0, 5.0, 5.0, 5.0, 5.0, 5.0, 5.0, 5.0, 5.0, 5.0, 5.0, 5.0, 5.0, 5.0, 5.0], "z": [5.0, 5.0, 5.0, 5.0, 5.0, 5.0, 5.0, 5.0, 5.0, 5.0, 5.0, 5.0, 5.0, 5.0, 5.0, 5.0, 5.0, 5.0, 5.0, 5.0, 5.0, 5.0, 5.0, 5.0, 5.0, 5.0, 5.0, 5.0, 5.0, 5.0, 5.0, 5.0, 5.0, 5.0, 5.0, 5.0, 5.0, 5.0, 5.0, 5.0, 5.0, 5.0, 5.0, 5.0, 5.0, 5.0, 5.0, 5.0, 5.0, 5.0, 5.0, 5.0, 5.0, 5.0, 5.0, 5.0, 5.0, 5.0, 5.0, 5.0, 5.0, 5.0, 5.0, 5.0, 5.0, 5.0, 5.0, 5.0, 5.0, 5.0, 5.0, 5.0, 5.0, 5.0, 5.0, 5.0, 5.0, 5.0, 5.0, 5.0, 5.0, 5.0, 5.0, 5.0, 5.0, 5.0, 5.0, 5.0, 5.0, 5.0, 5.0, 5.0, 5.0, 5.0, 5.0, 5.0, 5.0, 5.0, 5.0, 5.0, 5.0]}